price,area_sqft,bedrooms,bathrooms,location_final
7700000,1000,2,2,Gwalior Cooperative Housing Society
6000000,1080,3,3,Gulshan
9500000,900,2,2,Gulshan
5500000,700,2,2,Scheme 33
12500000,2160,3,3,Gulshan
35000000,3000,4,5,Other
53500000,4500,5,5,Bahria Town
8400000,1150,3,3,Other
18800000,1080,4,4,Saima Arabian Villas
120000000,4500,6,6,DHA
140000000,8397,4,4,Clifton
62500000,900,3,3,DHA
33000000,900,3,3,DHA
65000000,4500,3,4,DHA
55000000,2400,4,4,Clifton
55000000,6300,2,2,Clifton
142500000,9000,4,4,DHA
55000000,4500,3,4,DHA
7500000,264,3,3,Other
5500000,1250,3,3,Gulistan
6250000,1080,3,3,Garden
65000000,2925,6,6,Capital Cooperative Housing Society
60000000,2160,6,6,Gulistan
36500000,2200,4,4,Other
6200000,1080,3,3,Gulshan
100000000,1080,3,3,Other
17200000,1368,3,3,Bahria Town
42500000,1800,6,7,North Nazimabad
720000,60,3,3,North Town Residency
5800000,1080,3,3,Garden
6100000,1080,3,3,Garden
7500000,1080,3,3,Garden
50000000,1400,3,3,Other
195000000,5400,6,6,Other
16000000,1100,3,3,Other
35000000,2160,3,3,Gulshan
4800000,600,2,2,Gulistan
6600000,1080,3,3,Other
39500000,120,3,3,Nazimabad
8200000,1050,2,2,North Nazimabad
4500000,1080,3,3,Other
4900000,1080,3,3,Surjani Town
27599999,1080,3,3,Other
6800000,1050,2,2,Other
5400000,600,2,2,Other
120000000,4500,5,5,DHA
10500000,1080,2,2,Other
17500000,1728,3,3,Korangi
39500000,2322,6,6,Gulshan
29500000,2160,3,3,Other
6500000,1800,3,3,Falaknaz Dreams
14500000,1800,3,3,Other
14300000,1800,3,3,Other
10500000,1080,3,3,Other
12200000,1080,3,3,Other
8600000,850,2,2,Other
4600000,720,3,3,Surjani Town
37000000,120,4,4,Nazimabad
10600000,1080,2,2,Other
14200000,1440,3,3,Other
17800000,1980,3,3,Other
24000000,3600,3,4,Other
15900000,1350,3,3,Other
5200000,1080,3,3,Saima Arabian Villas
2400000,127,1,1,North Town Residency
8200000,850,4,2,North
23500000,1197,4,6,Airport Road
5800000,955,2,2,Bahria Town
7500000,1200,4,3,North
32500000,3600,3,4,Capital Cooperative Housing Society
5000000,851,2,2,Other
22900000,2034,3,3,Other
3500000,720,3,3,Korangi
7000000,955,2,2,Bahria Town
11000000,1300,4,2,Gulshan
5500000,599,3,2,North
8000000,850,4,2,North
8500000,900,4,2,North
11000000,1350,4,2,Scheme 33
7300000,900,4,2,North
1300000,445,2,1,Surjani Town
4400000,1080,3,3,Garden
34500000,1080,4,4,Nazimabad
6500000,900,4,2,North
6200000,900,3,2,North
20000000,720,6,3,Other
600000,65,1,1,North Town Residency
3000000,445,2,1,North
7500000,1080,4,2,North
12500000,1700,3,3,North Nazimabad
13500000,1100,2,2,North Nazimabad
1100000,50,3,3,Other
2200000,450,2,1,Allahwala Town
11399999,4500,3,4,DHA
42000000,1800,6,3,North Nazimabad
7500000,1080,3,3,Gulshan
7400000,950,2,2,Bahria Town
15500000,1440,5,3,Saima Arabian Villas
50000000,2160,6,5,North Nazimabad
7700000,850,4,2,North
6700000,900,4,2,North
3850000,720,3,3,North Town Residency
18500000,1260,5,5,Model Colony
10500000,1080,2,2,Garden
6500000,1000,2,2,Gulistan
6100000,720,3,3,North Town Residency
10000000,1080,2,4,Other
6000000,1080,3,3,Surjani Town
5200000,675,2,1,Surjani Town
4700000,585,2,2,Surjani Town
7500000,1080,2,3,Surjani Town
9500000,500,3,3,North
16500000,1368,3,3,Bahria Town
15000000,184,3,3,Gulistan
14500000,1200,2,2,North Nazimabad
16000000,1200,2,3,Other
7000000,700,2,2,Gulshan
3700000,1080,3,3,North Town Residency
28000000,1440,4,3,Other
122500000,3707,1,1,Other
37000000,2592,6,6,North
5500000,2160,2,2,North
27500000,1440,4,7,North
19000000,1080,4,6,North
16500000,1080,4,4,North
4600000,1080,3,3,North Town Residency
7000000,1080,3,3,North Town Residency
4600000,720,3,3,North Town Residency
6000000,1080,3,3,North Town Residency
8500000,1440,3,3,North Town Residency
5200000,1080,3,3,North Town Residency
5800000,700,2,2,North
11000000,1600,3,3,North Nazimabad
11000000,1080,2,2,Other
720000,60,3,3,Saima Arabian Villas
720000,60,3,3,North
12500000,1080,3,3,Other
15000000,1200,2,2,Capital Cooperative Housing Society
120000000,3600,2,2,North Nazimabad
6800000,750,2,2,Gulistan
5800000,720,3,3,North Town Residency
12500000,1170,2,3,North Town Residency
5500000,720,3,3,North Town Residency
5200000,720,3,3,North Town Residency
4500000,720,3,3,North Town Residency
3750000,720,3,3,North Town Residency
5000000,720,3,3,North Town Residency
8000000,900,2,2,North
4200000,720,3,3,North Town Residency
3700000,720,3,3,North Town Residency
6800000,1080,3,3,North Town Residency
4950000,990,3,3,North Town Residency
3000000,1080,4,4,Scheme 33
3200000,1080,3,3,North
29500000,1080,4,5,Other
37500000,3600,6,7,Other
20000000,1368,3,3,Bahria Town
2350000,1125,3,3,DHA
34000000,2160,3,3,Other
7100000,990,2,2,Bahria Town
16000000,865,3,3,Scheme 33
8500000,720,3,3,North Town Residency
6500000,1080,3,3,North Town Residency
7100000,1080,3,3,North Town Residency
5800000,1080,3,3,North Town Residency
4600000,792,3,3,North Town Residency
5500000,1080,3,3,North Town Residency
3500000,720,3,3,North Town Residency
33000000,2500,4,5,Other
12000000,1600,3,3,North Nazimabad
13500000,1150,3,3,Gulshan
13000000,1080,4,2,Saima Arabian Villas
22500000,1080,3,3,Other
13500000,1080,2,2,Other
4800000,720,3,3,North Town Residency
5200000,927,3,3,North Town Residency
9500000,720,3,3,North Town Residency
8500000,1080,3,3,North Town Residency
5500000,990,3,3,North Town Residency
4700000,1080,3,3,North Town Residency
5600000,1080,3,3,North Town Residency
3600000,720,3,3,North Town Residency
21000000,1440,3,3,Saima Arabian Villas
125000000,5544,6,6,North Nazimabad
13500000,1080,3,3,North Town Residency
102500000,5400,6,7,DHA
4900000,1000,3,3,North
11700000,900,2,2,North Nazimabad
28500000,1080,2,2,Other
2900000,1080,3,3,Other
59000000,2160,6,6,Gulistan
62500000,2160,6,5,Gulshan
19000000,1080,4,4,Gulshan
4000000,650,2,2,Gulistan
21500000,1600,3,4,Other
8000000,950,2,2,Other
9200000,1050,2,2,Other
11000000,1050,2,2,Other
15500000,1600,3,4,Other
25000000,1350,3,3,Other
12000000,1440,3,3,Other
22900000,1750,3,4,Other
4200000,600,2,2,Gulistan
16000000,1900,1,1,Gulistan
28000000,5400,3,4,Other
11399999,1125,3,3,Bahria Town
66500000,2700,5,6,Other
4700000,630,2,2,DHA
1200000,9000,4,4,Gadap Town
7500000,1080,3,3,Gulshan
24500000,1350,3,3,Other
15500000,1050,2,2,Other
45000000,473,3,3,Other
12000000,1050,2,2,Other
4200000,900,4,2,Allahwala Town
19000000,1080,4,4,Other
10500000,1050,2,2,Other
9100000,1050,2,2,Other
21000000,1300,3,3,Other
22000000,1080,4,4,Other
1280000,540,1,1,Korangi
2080000,378,2,1,Allahwala Town
6500000,756,3,3,Allahwala Town
2500000,450,2,1,Korangi
21500000,1450,3,3,Other
850000,720,3,3,Gulshan
4000000,9900,2,3,Bahria Town
180000000,4500,6,7,Other
59900000,2700,5,6,Other
29500000,1080,4,4,Capital Cooperative Housing Society
13500000,2115,3,3,Bahria Town
800000,600,3,3,Surjani Town
20400000,1140,3,3,Garden
145000000,4500,6,7,DHA
144000000,4500,6,7,DHA
8800000,330,3,3,Other
10500000,900,2,2,North Nazimabad
119500000,4500,6,7,DHA
36000000,1080,4,6,Other
57500000,1188,3,3,Other
22900000,1800,3,3,Bahria Town
6500000,3600,3,4,Gulshan
22500000,1440,6,6,Saima Arabian Villas
3100000,1125,3,3,DHA
15000000,1050,2,2,Other
750000,720,2,2,Other
66000000,4275,3,4,Gulistan
120000000,1305,3,4,Gulshan
77000000,5580,4,4,Gulistan
150000000,2308,3,4,Gulistan
145000000,2395,3,4,Gulistan
3000000,2250,3,3,Other
6200000,1800,3,3,DHA
4000000,900,3,3,Allahwala Town
75000000,4995,4,4,Gulistan
9800000,1125,3,3,Bahria Town
1500000,9000,1,1,Gadap Town
5300000,1080,3,3,Falaknaz Dreams
12000000,1080,2,2,Garden
12000000,1080,2,4,Garden
8200000,9000,4,4,Bahria Town
14500000,1125,3,3,Other
1200000,9000,1,1,Gadap Town
20000000,1800,5,6,Surjani Town
15000000,585,2,2,Surjani Town
20000000,1800,3,3,Surjani Town
7100000,1026,3,3,Surjani Town
22500000,1080,2,3,Other
2000000,375,1,1,Surjani Town
16000000,1440,5,3,Saima Arabian Villas
16800000,1800,3,3,Bahria Town
49000000,1800,6,7,Other
8000000,1080,3,3,North Town Residency
7000000,750,3,3,North
77000000,2160,6,7,Gulistan
150000000,3600,6,7,Gulistan
35000000,1080,4,5,North
85000000,2700,6,7,Gulistan
11399999,800,3,3,North
39000000,1080,6,6,North
8600000,1000,2,2,North
24500000,1080,6,6,North
12500000,800,3,3,North
12000000,700,3,3,North
23500000,1080,6,6,North
22900000,1620,3,5,Other
11000000,5400,3,4,North
50000000,2000,5,5,Other
31000000,2250,3,4,Other
500000,961,5,2,North
21000000,3150,4,4,Bahria Town
13799999,4500,3,4,DHA
14500000,1440,4,3,Other
45900000,1400,3,3,Other
36000000,1300,3,3,Garden
85000000,1350,4,4,PECHS
11000000,600,3,3,North
27500000,900,2,2,Other
32500000,1500,3,3,Garden
55000000,1760,3,3,Other
25000000,1000,2,2,Other
85000000,1800,6,6,Garden
45000000,1800,3,3,Other
44000000,2200,4,4,PECHS
50900000,2000,4,4,Other
30000000,1300,3,3,Other
22500000,1000,2,2,Other
45000000,1400,3,3,Garden
25000000,2000,3,4,Other
45000000,2592,6,6,North
48400000,4500,5,5,Bahria Town
4550000,240,3,3,Other
4500000,600,2,2,Gulistan
10500000,850,2,2,Garden
50000000,1400,3,3,Garden
24500000,1000,2,2,Garden
115000000,2115,5,5,Other
20000000,900,2,2,Garden
36500000,1500,3,3,Garden
37500000,1300,3,3,Other
52500000,2000,4,4,Other
26000000,2100,3,3,Garden
7600000,2160,3,3,Other
8500000,1080,3,3,Other
35000000,400,3,3,Gulistan
7800000,2160,3,3,Other
21000000,1700,3,3,Other
26000000,1080,4,5,Other
9000000,900,2,2,North Nazimabad
400000,96,3,3,North Town Residency
1600000,1080,3,3,Other
100000000,4950,3,4,Malir
10500000,1000,2,2,Gulistan
4500000,675,2,2,Other
5500000,630,1,1,Other
29000000,1800,3,2,Gulistan
8600000,950,2,2,Gulistan
13500000,1300,3,3,Gulistan
13500000,1300,3,3,Gulistan
7000000,700,2,2,Gulistan
35500000,2160,3,3,Gulistan
8000000,909,2,2,Other
8000000,990,2,2,Gulshan
7400000,1080,3,3,Gulshan
14500000,720,3,3,Malir
5500000,216,3,3,Other
2250000,720,3,3,Malir
8100000,990,2,2,Bahria Town
8500000,1080,3,3,Garden
18000000,2160,3,3,North
42500000,2160,3,3,Other
6000000,720,3,3,North Town Residency
2250000,720,3,3,Other
5500000,765,2,2,Other
5600000,765,3,2,Malir
32500000,462,3,3,Scheme 33
5000000,1080,3,3,Falaknaz Dreams
7700000,720,3,2,North
13000000,720,5,4,North
12200000,720,4,3,North
26000000,1080,6,6,North
24000000,1080,4,5,North
27500000,1785,3,3,Nazimabad
29900000,1775,3,4,Nazimabad
20800000,1249,2,2,Nazimabad
1500000,50,3,3,North Town Residency
13500000,1125,3,3,Bahria Town
16000000,1200,2,3,Scheme 33
36500000,2000,4,4,Other
10500000,900,2,2,Other
10500000,840,2,2,Capital Cooperative Housing Society
2900000,600,2,2,Korangi
1100000,50,3,3,North Town Residency
19900000,1250,2,3,Nazimabad
35000000,9153,4,4,Surjani Town
95000000,4500,4,4,Other
15200000,1080,3,3,Nazimabad
79000000,4500,3,3,North Nazimabad
18500000,1080,4,4,North
4500000,550,2,2,North
42000,1080,3,3,Falaknaz Dreams
5800000,200,3,3,North
27000000,3600,3,4,Surjani Town
13500000,2160,3,3,Gulshan
26000000,1850,3,3,Other
15400000,1368,3,3,Bahria Town
12500000,1100,2,2,Other
85000000,3375,5,6,Other
20400000,1250,2,3,Nazimabad
17500000,1250,2,3,Nazimabad
6500000,765,2,2,Malir
5500000,810,2,2,Surjani Town
4100000,756,2,2,Surjani Town
2300000,450,2,2,Allahwala Town
2400000,450,2,2,Allahwala Town
2800000,450,1,1,Allahwala Town
2500000,450,2,1,Allahwala Town
2200000,450,2,1,Allahwala Town
2600000,450,2,1,Allahwala Town
2350000,405,2,2,Allahwala Town
10000000,1080,2,2,Falaknaz Dreams
13500000,1080,4,4,Falaknaz Dreams
3300000,1062,3,3,Falaknaz Dreams
2500000,540,2,2,Allahwala Town
12000000,1080,4,4,Scheme 33
16000000,1080,3,2,Nazimabad
450000,720,3,3,Other
20400000,2430,3,4,North Nazimabad
34000000,850,1,1,Other
3300000,1080,3,3,Other
2200000,1080,3,3,Scheme 33
5000000,1080,3,3,Other
3500000,1080,3,3,Scheme 33
15000000,1530,3,3,Gulshan
3500000,1080,3,3,Other
34000000,1800,3,3,DHA
170000000,9000,4,4,DHA
44500000,2340,3,3,Other
45000000,2160,5,6,Gwalior Cooperative Housing Society
1200000,1000,3,3,Gadap Town
1200000,1000,1,1,Gadap Town
1000000,1000,1,1,Gadap Town
8500000,720,6,4,North
29800000,1600,3,3,Other
9500000,850,2,2,North Nazimabad
2150000,1125,3,3,DHA
2000000,9000,1,1,Gadap Town
7000000,700,2,2,Other
13000000,1250,2,2,Other
6500000,540,5,4,Other
3950000,320,2,1,Other
18000000,1440,2,2,Gulshan
43000000,2700,3,4,Other
75000000,3375,6,7,Other
5800000,75,3,2,Other
5800000,675,2,2,Other
12500000,1296,4,4,Other
45000000,1080,3,3,Other
2650000,1125,3,3,Bahria Town
1480000,450,2,1,Allahwala Town
25000000,2200,4,5,Other
12000000,2160,3,3,Other
37500000,1800,4,4,PECHS
16500000,850,2,2,Other
45000000,1700,3,3,PECHS
35000000,1450,3,3,PECHS
9000000,400,3,3,PECHS
45000000,1800,3,3,Other
42500000,1800,3,3,Other
21000000,950,2,2,Other
22500000,1050,2,2,Other
43400000,2000,4,4,Other
35000000,1650,3,3,PECHS
19000000,1500,3,3,Other
15000000,1100,2,2,Other
50000000,2000,3,4,Other
31000000,1500,3,3,Other
18500000,1700,3,4,Other
720000,60,3,3,Surjani Town
1200000,1080,3,3,Gulshan
11000000,540,3,3,DHA
27500000,1800,4,5,Bahria Town
18000000,1800,3,3,Other
42500000,2160,6,7,Gulshan
60000000,2500,4,5,Other
18000000,1100,2,2,Other
45000000,2700,4,4,PECHS
45000000,1700,3,3,Other
29000000,1100,2,2,Other
13500000,9000,4,4,Other
12500000,2700,3,3,Other
10000000,5400,3,4,Other
12000000,1908,3,3,Other
28500000,3600,3,4,Other
13500000,5400,3,4,Gulshan
37500000,1800,3,3,Garden
45500000,3798,3,4,Capital Cooperative Housing Society
17800000,2610,3,3,Other
28500000,405,3,3,Gulshan
46900000,2160,6,6,Capital Cooperative Housing Society
145000000,4950,6,6,Malir
8200000,1080,3,3,Other
19500000,1080,4,6,Other
12000000,360,3,3,Other
62500000,4500,3,4,DHA
10500000,950,2,2,Other
67500000,8640,4,4,Other
28500000,2160,3,3,Other
11399999,5400,3,4,Gulshan
59500000,5400,4,4,Other
5500000,1350,3,3,Gulshan
4000000,1800,3,3,Gulshan
2400000,1800,3,3,Gulshan
6200000,2700,3,3,Gulshan
5000000,1800,3,3,Gulshan
5000000,1800,3,3,Gulshan
5200000,1800,3,3,Gulshan
65000000,1080,3,3,Gulshan
82500000,3375,5,6,Other
12500000,1080,3,3,Other
12700000,1200,2,2,Other
43400000,2448,5,6,Bahria Town
145000000,4500,6,7,DHA
3100000,550,2,2,Other
5500000,756,6,1,Surjani Town
5500000,1800,3,3,Gulshan
90000000,3600,6,7,North Nazimabad
15600000,720,4,4,North
14300000,990,4,4,North
110000000,1800,4,4,PECHS
75000000,1350,4,5,DHA
71000000,1080,4,5,DHA
21000000,1450,3,3,Other
70000000,1800,4,4,DHA
110000000,1800,4,5,PECHS
22500000,360,3,3,Gulshan
22900000,1455,3,3,Other
42000000,1125,6,6,Gulshan
22500000,1450,3,3,Other
6500000,700,2,2,Gulshan
26500000,2448,5,5,Bahria Town
46500000,1800,6,7,North Nazimabad
165000000,3150,5,5,Other
1000000,50,3,3,North Town Residency
33000000,2160,3,3,Gulshan
96000000,2700,5,6,DHA
6500000,180,3,3,Gulshan
8000000,220,3,3,Gulshan
31000000,1600,4,5,Gulshan
5500000,700,2,2,Gulshan
19000000,1250,3,3,Gulshan
9000000,850,2,3,Capital Cooperative Housing Society
16000000,1850,3,4,Gulshan
11399999,1080,2,2,Gulshan
12000000,1400,3,3,Gulshan
29000000,1080,6,6,Gulshan
13000000,1200,2,2,Gulshan
55000000,1500,3,3,Other
11000000,750,2,2,Other
13500000,1200,3,2,Other
1000000,50,3,3,Surjani Town
2500000,650,2,2,Surjani Town
130000000,3600,6,6,Gulshan
15600000,747,6,6,North
2100000,80,3,3,Gadap Town
2100000,80,3,3,Saima Arabian Villas
2100000,80,3,3,Surjani Town
2100000,80,3,3,North
2100000,80,3,3,North Town Residency
720000,60,3,3,Gadap Town
600000,50,3,3,Gadap Town
600000,50,3,3,Saima Arabian Villas
600000,50,3,3,North
600000,50,3,3,Surjani Town
13200000,2115,3,3,Bahria Town
1000000,50,3,3,Saima Arabian Villas
6600000,2160,3,3,Other
27000000,1080,4,7,Other
12800000,1125,3,3,Bahria Town
16500000,1080,4,4,North
900000,50,3,3,Saima Arabian Villas
900000,50,3,3,Surjani Town
900000,50,3,3,North
21000000,1080,6,7,Other
28500000,900,4,5,Model Colony
6000000,666,2,2,Airport Road
22000000,1107,6,7,Model Colony
19000000,1080,4,5,Gulshan
35000000,1188,4,4,Model Colony
22900000,1260,2,3,Model Colony
52500000,2200,3,3,Other
6500000,1080,3,3,Malir
18500000,1350,2,3,Other
77500000,4500,3,4,DHA
12000000,1080,4,4,Other
9500000,648,2,3,Model Colony
16000000,1080,4,7,Falaknaz Dreams
27500000,1800,6,7,Model Colony
36000000,1935,6,7,Airport Road
16000000,900,6,7,Model Colony
17000000,1080,6,5,Other
18500000,720,2,4,Model Colony
26000000,1080,4,5,Model Colony
15000000,720,4,5,Model Colony
33000000,1935,6,7,Airport Road
7500000,1080,1,1,Other
19000000,1080,6,6,Other
7800000,900,2,2,Other
6500000,900,2,2,Other
31000000,1080,4,4,North
3500000,1125,3,3,Bahria Town
11000000,990,3,3,Airport Road
15000000,1143,2,3,Model Colony
16000000,1620,3,4,Airport Road
10000000,990,2,2,Model Colony
600000,2200,3,3,DHA
12000000,720,2,2,Model Colony
9000000,1080,3,3,Airport Road
24000000,1080,6,6,Model Colony
33000000,1080,6,7,Model Colony
26500000,1197,4,5,Model Colony
12000000,900,2,2,Airport Road
4000000,450,1,1,Other
32500000,1080,6,7,Model Colony
45000000,2160,6,7,Other
55800000,2160,6,6,Gulistan
62500000,1620,6,7,Gulshan
3000000,650,2,2,Surjani Town
13600000,2115,3,3,Bahria Town
17500000,1080,4,4,Airport Road
81500000,3600,6,7,Airport Road
33000000,1197,6,7,Airport Road
32500000,1080,4,4,Model Colony
8500000,900,2,2,Other
45000000,2160,6,7,Airport Road
14000000,1080,2,3,Airport Road
10000000,1629,2,3,Other
9000000,900,2,3,Other
32500000,5400,3,4,Other
25000000,2160,3,3,Meerut Society
39000000,5400,3,4,Meerut Society
32500000,5400,3,4,Other
12500000,1800,3,3,Garden
44500000,5697,4,4,Meerut Society
10500000,1125,3,3,Bahria Town
12500000,4500,3,4,DHA
16000000,1200,2,3,Other
8500000,900,1,1,Allahwala Town
39500000,5400,3,4,Meerut Society
41500000,5400,3,4,Meerut Society
26500000,2007,3,3,Meerut Society
15500000,3600,3,4,Garden
21000000,1800,3,3,Other
7500000,1050,2,2,Scheme 33
23500000,5400,3,4,Other
33000000,4230,3,4,Meerut Society
19500000,3600,3,4,Other
26500000,2160,3,3,Meerut Society
15500000,3600,3,4,Garden
39500000,5400,3,4,Other
29500000,3600,3,4,Meerut Society
40900000,5400,3,4,Meerut Society
58000000,2700,5,6,Other
29500000,5400,3,4,Meerut Society
13500000,1800,3,3,Garden
49500000,2160,6,6,Meerut Society
130000000,4500,6,5,DHA
25000000,2100,4,4,DHA
25000000,386,3,3,DHA
5500000,1600,3,3,DHA
9000000,900,1,1,DHA
3500000,550,3,3,DHA
12000000,900,1,1,DHA
17000000,1000,3,3,DHA
175000000,1800,3,4,DHA
30000000,900,3,3,DHA
32000000,2000,3,4,North Nazimabad
28000000,2160,3,3,Korangi
11200000,1125,3,3,Bahria Town
95000000,520,3,3,Other
13500000,1250,2,2,North Nazimabad
38500000,1800,3,4,North Nazimabad
22900000,1650,3,4,Scheme 33
17300000,1250,2,3,Scheme 33
48000000,2000,3,4,North Nazimabad
9500000,700,2,2,Nazimabad
49000000,2200,3,4,North Nazimabad
31000000,1600,3,3,North Nazimabad
37000000,1800,3,3,Other
21000000,750,2,2,North Nazimabad
47500000,2000,3,4,North Nazimabad
52500000,3334,4,4,Other
48000000,2200,3,4,North Nazimabad
47500000,2200,3,4,North Nazimabad
9500000,720,2,2,Other
30000000,1500,3,3,North Nazimabad
31000000,1500,3,3,North Nazimabad
48000000,2100,3,4,North Nazimabad
158500000,3500,4,5,Other
65000000,3300,4,5,Other
47000000,2450,3,4,Other
71000000,2218,3,3,Other
86500000,2703,3,4,Other
48000000,1020,1,1,DHA
21800000,976,2,2,North Nazimabad
29800000,1335,3,3,North Nazimabad
65000000,375,3,3,North Nazimabad
33000000,1600,3,4,North Nazimabad
50000000,2100,3,3,North Nazimabad
31000000,2400,3,3,North Nazimabad
22900000,2160,3,4,Nazimabad
2800000,650,2,2,Surjani Town
8500000,1080,3,3,Gulistan
6500000,1125,3,3,Bahria Town
36000000,1700,3,3,North Nazimabad
33000000,1600,3,3,North Nazimabad
65000000,3233,4,4,Other
36000000,1700,3,4,North Nazimabad
36000000,1750,3,3,North Nazimabad
23500000,1000,2,2,North Nazimabad
65000000,3334,4,5,Other
27000000,1450,3,3,North Nazimabad
35000000,1600,3,4,North Nazimabad
20000000,1800,3,3,North
4500000,650,2,2,Gulshan
1000000,50,3,3,North
13799999,1125,3,3,Bahria Town
7500000,1080,3,2,Gulistan
7500000,1080,3,3,Gulistan
6500000,720,3,3,Gulistan
8000000,1080,3,2,Gulistan
27500000,1500,3,3,Gulshan
5200000,650,2,2,Gulshan
3300000,195,3,3,Other
12400000,900,2,2,DHA
129000000,5400,6,6,DHA
13000000,1100,3,3,Other
27000000,1250,3,4,Other
10000000,1300,3,3,Other
14000000,1080,5,4,Falaknaz Dreams
4500000,1080,3,3,Falaknaz Dreams
63000000,2160,6,7,Gulshan
15500000,1080,3,3,Gulshan
9800000,600,3,3,North
17000000,1080,6,6,North
9500000,3600,3,4,Gulshan
6000000,550,2,2,Other
8500000,750,2,2,Gulshan
4300000,1080,3,3,Malir
5000000,1080,3,3,Garden
12000000,1080,5,4,Falaknaz Dreams
11000000,1080,2,2,Garden
15000000,1080,6,5,Falaknaz Dreams
12000000,120,3,3,Garden
8400000,540,4,3,Falaknaz Dreams
7000000,900,2,2,Other
55000000,2160,6,6,Gulshan
16000000,1600,3,3,Other
78000000,4500,6,6,DHA
39500000,2160,6,7,Gulshan
16000000,1200,2,3,Gulshan
10500000,120,3,3,Other
5600000,1080,3,3,Garden
40000000,1080,4,5,North
32500000,1800,6,6,Gulshan
24500000,2160,3,4,Gulshan
25000000,1800,4,5,Gulshan
11399999,932,2,2,Other
7400000,738,2,2,Other
12500000,1040,2,3,Other
62400000,2400,3,4,Other
19600000,1100,2,2,Other
31000000,1700,3,4,Other
21000000,1600,1,1,Other
26000000,1800,6,7,Gulshan
18000000,1080,4,5,Gulshan
22000000,1080,4,5,Gulshan
8500000,850,2,2,Other
22500000,1305,4,5,Gulshan
40000000,2160,6,7,Gulshan
57500000,2160,6,7,Capital Cooperative Housing Society
38500000,2160,6,7,Gulshan
35000000,2160,6,7,Gulshan
21500000,1080,4,5,Gulshan
40000000,2160,6,6,Gulshan
55000000,2320,2,2,Clifton
73000000,2900,4,4,Clifton
70000000,3798,4,4,Nazimabad
77000000,4500,6,5,Nazimabad
29000000,1700,3,3,Clifton
31000000,1080,2,2,Model Colony
8500000,1080,3,3,Other
10500000,1080,3,3,Other
24000000,1080,1,1,Other
21000000,1080,1,1,Other
11399999,1080,3,3,Other
12900000,1080,3,3,DHA
6000000,1080,3,3,Other
3800000,1080,3,3,Other
6000000,3600,3,4,Other
3300000,1080,3,3,Other
5200000,432,2,2,Other
65000000,3600,3,4,Malir
15000000,720,1,1,Model Colony
5800000,360,2,2,Other
5500000,360,1,1,Jinnah Square
5250000,360,1,1,Jinnah Square
4950000,360,1,1,Jinnah Square
4700000,360,1,1,Jinnah Square
4500000,360,1,1,Jinnah Square
4200000,360,1,1,Jinnah Square
4000000,360,1,1,Jinnah Square
3700000,360,1,1,Jinnah Square
3500000,360,1,1,Jinnah Square
16500000,1250,2,2,North Nazimabad
600000,42,3,3,Allahwala Town
1560000,378,2,1,Allahwala Town
1530000,423,2,1,Allahwala Town
2300000,540,2,2,Allahwala Town
2380000,540,2,2,Allahwala Town
10500000,756,6,4,Allahwala Town
11000000,720,6,4,Other
2500000,360,2,1,Other
29800000,1080,6,7,Other
15000000,1080,6,6,Gulshan
14800000,720,6,4,Other
2730000,720,3,3,Other
2700000,720,3,3,Malir
80000,500,3,3,Gulshan
5800000,850,6,2,Gulshan
11000000,1998,3,3,Gulshan
3000000,900,3,3,Malir
13000000,1080,5,5,Gulistan
75000000,1704,2,3,Other
35000000,400,3,3,Other
1100000,450,2,1,Allahwala Town
1500000,550,2,2,Allahwala Town
3979000,600,2,2,Other
1900000,600,2,2,Allahwala Town
1500000,450,2,1,Allahwala Town
1300000,450,2,1,Allahwala Town
2100000,450,2,1,Allahwala Town
2000000,600,2,2,Allahwala Town
2400000,450,2,1,Korangi
1650000,450,2,1,Allahwala Town
1900000,550,2,2,Allahwala Town
3600000,800,3,2,Korangi
9500000,1080,2,4,Other
2000000,450,2,1,Allahwala Town
8700000,1080,2,2,Falaknaz Dreams
8600000,1080,2,2,Falaknaz Dreams
3000000,720,3,3,Falaknaz Dreams
6500000,3600,3,4,Other
26500000,7200,4,4,Other
15000000,1200,3,3,Gulshan
37000000,3600,3,4,Gwalior Cooperative Housing Society
14800000,1100,2,2,Other
36000000,5400,3,4,Other
40000000,3600,3,4,Other
48400000,2160,6,6,Gwalior Cooperative Housing Society
13000000,1150,3,3,Other
8500000,1050,2,2,Other
7200000,750,2,2,Other
21000000,1800,3,3,Other
16500000,1080,3,3,Gwalior Cooperative Housing Society
31000000,2160,3,3,Other
45000000,1072,1,1,Other
5500000,756,4,3,Surjani Town
55000000,2160,6,7,Other
52500000,2160,6,7,Gwalior Cooperative Housing Society
49000000,1800,6,7,Other
7700000,900,2,2,Gwalior Cooperative Housing Society
80000000,2997,3,4,Meerut Society
5600000,600,2,2,Other
2700000,180,3,3,Gwalior Cooperative Housing Society
8500000,1080,3,3,Other
17500000,1980,3,3,Gwalior Cooperative Housing Society
25400000,2160,3,3,Gwalior Cooperative Housing Society
46500000,2160,6,6,Other
7500000,810,3,3,Gwalior Cooperative Housing Society
29000000,1080,4,5,Gwalior Cooperative Housing Society
48000000,2043,6,6,Other
17700000,2610,3,3,Other
75000000,3375,5,6,Other
5700000,900,2,2,Surjani Town
68500000,1650,2,4,Other
74000000,3071,4,6,Other
78500000,2200,3,5,Other
79500000,1945,2,4,Other
51500000,1150,2,3,Other
75000000,1650,2,4,Other
102500000,2375,3,5,Other
114000000,2625,3,5,Other
86000000,900,3,3,DHA
78000000,1639,2,3,Other
14500000,525,3,3,Other
85000000,2450,3,5,Other
11800000,2160,3,3,Other
108000000,3500,2,3,Other
95000000,1771,2,3,Other
84000000,1828,2,3,Other
83000000,2484,3,5,Other
86500000,2484,3,5,Other
90000000,2650,4,6,Other
7500000,1000,2,2,North
53500000,1779,2,2,Other
97500000,2500,3,5,Other
71000000,1739,2,3,Other
72500000,1640,2,4,Other
8500000,1050,2,2,Gulistan
15500000,1080,2,2,Gulistan
65000000,2700,4,4,Gulshan
8000000,8100,2,2,Scheme 33
7000000,1080,3,3,Other
8500000,1000,2,2,North
13000000,1200,3,3,Gulshan
5500000,850,2,2,Other
24000000,1700,3,3,Gulshan
17000000,1750,3,4,Other
7700000,576,4,3,Surjani Town
7600000,1080,3,3,North Town Residency
2980000,3420,1,1,North
25000000,1080,2,2,Other
40000000,2160,6,7,Gulshan
100000000,5544,3,4,DHA
32500000,1800,6,7,Gulshan
4200000,650,2,2,Gulistan
28000000,1600,3,3,Gulshan
65000000,4500,3,4,DHA
16000000,1600,1,1,Gulistan
20000000,423,3,3,Clifton
9500000,1450,3,3,Gulistan
6400000,1000,2,2,Gulistan
800000,51,3,3,Surjani Town
16000000,1900,3,4,Gulistan
30000000,400,3,3,Gulistan
800000,70,3,3,Surjani Town
135000000,4500,6,7,DHA
132500000,4500,5,6,DHA
95000000,1350,5,5,DHA
8000000,650,2,2,North Nazimabad
165000000,4500,6,7,DHA
48400000,4500,3,4,DHA
31000000,1080,6,6,Other
17000000,1080,4,3,North
47500000,3600,4,7,Other
11399999,1000,2,2,Gulshan
7200000,540,2,2,Other
15000000,1200,3,3,Gulshan
35000000,2340,4,4,Gulshan
48000000,2160,6,6,Gulshan
75000000,2250,4,4,Clifton
40000000,1080,3,3,DHA
67000000,4500,3,4,DHA
160000000,1800,3,4,DHA
11000000,1125,3,3,Bahria Town
31000000,2400,3,4,Gulshan
32200000,2160,3,3,Gulistan
8100000,1080,3,3,Other
55000000,2160,6,7,Capital Cooperative Housing Society
8500000,4500,3,4,DHA
2300000,450,1,1,North
17500000,9900,3,3,DHA
56500000,2160,6,6,Gulistan
45000000,2000,3,3,Clifton
3650000,409,1,1,Falaknaz Dreams
36500000,2160,6,7,Other
80000,1000,3,3,Other
50000000,2400,4,4,Other
46500000,160,4,4,Nazimabad
31000000,2200,3,4,Other
100000000,4500,4,4,Other
17500000,1800,3,3,Bahria Town
160000000,5994,6,6,DHA
27500000,9000,4,4,DHA
34000000,1458,6,7,Other
18400000,3150,4,4,Bahria Town
1200000,100,3,3,Saima Arabian Villas
7000000,950,2,2,Gulistan
15000000,1125,3,4,Bahria Town
12000000,720,4,5,Other
34500000,2400,3,4,Gulshan
5000000,720,2,2,Other
5600000,1050,2,2,North
1700000,125,3,3,Other
23500000,1550,3,3,DHA
13000000,1080,2,3,North Town Residency
9200000,1000,2,2,Other
18000000,9153,4,4,Surjani Town
1700000,450,1,1,Surjani Town
40000000,1550,3,4,Other
4600000,1080,3,3,Other
80000000,5000,1,1,Other
19500000,1080,4,5,Other
100000000,4500,5,5,Malir
13600000,1080,2,3,Garden
18500000,900,6,5,North
3450000,1080,3,3,Other
62500000,2340,4,3,Other
50000000,1980,6,7,Airport Road
12500000,1030,2,2,Other
15200000,1125,3,3,Bahria Town
14500000,1100,2,2,North Nazimabad
14000000,2115,3,3,Bahria Town
21000000,1200,2,2,Gulshan
4800000,850,2,2,North
19300000,1650,3,4,Other
19500000,1080,4,5,Airport Road
5000000,80,3,3,North Town Residency
91000000,1771,2,3,Other
1200000,9000,4,4,Gulshan
20000000,1440,3,3,Other
2950000,540,3,2,Scheme 33
62000000,1376,1,2,Other
7300000,955,2,2,Bahria Town
38500000,1800,6,7,Gulshan
50900000,3600,3,4,Other
26500000,1080,6,5,North
100000000,1300,3,4,Scheme 33
5500000,700,3,2,North
17200000,3150,4,4,Bahria Town
50000000,2160,6,6,Other
